<?xml version="1.0" encoding="UTF-8"?>
<jcr:root xmlns:sling="http://sling.apache.org/jcr/sling/1.0" xmlns:cq="http://www.day.com/jcr/cq/1.0" xmlns:jcr="http://www.jcp.org/jcr/1.0" xmlns:nt="http://www.jcp.org/jcr/nt/1.0"
    jcr:primaryType="nt:unstructured"
    jcr:title="Banner Component"
    sling:resourceType="cq/gui/components/authoring/dialog">
    <content
        jcr:primaryType="nt:unstructured"
        sling:resourceType="granite/ui/components/foundation/container">
        <layout
            jcr:primaryType="nt:unstructured"
            sling:resourceType="granite/ui/components/foundation/layouts/fixedcolumns"/>
        <items jcr:primaryType="nt:unstructured">
            <column
                jcr:primaryType="nt:unstructured"
                sling:resourceType="granite/ui/components/foundation/container">
                <items jcr:primaryType="nt:unstructured">
                    <fieldset
                        jcr:primaryType="nt:unstructured"
                        sling:resourceType="granite/ui/components/foundation/form/fieldset">
                        <layout
                            jcr:primaryType="nt:unstructured"
                            sling:resourceType="granite/ui/components/foundation/layouts/fixedcolumns"/>
                        <items jcr:primaryType="nt:unstructured">
                            <column
                                jcr:primaryType="nt:unstructured"
                                sling:resourceType="granite/ui/components/foundation/container">
                                <items jcr:primaryType="nt:unstructured">
                                    <Banner-details
                                        jcr:primaryType="nt:unstructured"
                                        sling:resourceType="granite/ui/components/foundation/heading"
                                        class="coral-Heading coral-Heading--2"
                                        level="{Long}2"
                                        text="Banner Details"/>
                                    <banner-image
                                        jcr:primaryType="nt:unstructured"
                                        sling:resourceType="granite/ui/components/foundation/form/pathbrowser"
                                        fieldLabel="Banner Image"
                                        name="./bannerimage"/>
                                    <ImageAlign
                                        jcr:primaryType="nt:unstructured"
                                        sling:resourceType="granite/ui/components/foundation/form/select"
                                        fieldDescription="Enter Copyright Text"
                                        fieldLabel="Image Position"
                                        name="./position">
                                        <items jcr:primaryType="nt:unstructured">
                                            <left
                                                jcr:primaryType="nt:unstructured"
                                                text="Image On Left"
                                                value="left"/>
                                            <right
                                                jcr:primaryType="nt:unstructured"
                                                text="Image On Right"
                                                value="right"/>
                                        </items>
                                    </ImageAlign>
                                    <Headingtext
                                        jcr:primaryType="nt:unstructured"
                                        sling:resourceType="granite/ui/components/foundation/form/textfield"
                                        emptyText="place"
                                        fieldDescription="Enter Copyright Text"
                                        fieldLabel="Heading Text"
                                        name="./heading"/>
                                    <headingSize
                                        jcr:primaryType="nt:unstructured"
                                        sling:resourceType="granite/ui/components/foundation/form/select"
                                        fieldDescription="Enter Copyright Text"
                                        fieldLabel="Heading Size"
                                        name="./fontsize">
                                        <items jcr:primaryType="nt:unstructured">
                                            <def
                                                jcr:primaryType="nt:unstructured"
                                                text="(default)"
                                                value=""/>
                                            <h1
                                                jcr:primaryType="nt:unstructured"
                                                text="H1"
                                                value="10"/>
                                            <h2
                                                jcr:primaryType="nt:unstructured"
                                                text="H2"
                                                value="7"/>
                                            <h3
                                                jcr:primaryType="nt:unstructured"
                                                text="H3"
                                                value="5"/>
                                            <h4
                                                jcr:primaryType="nt:unstructured"
                                                text="H4"
                                                value="2"/>
                                        </items>
                                    </headingSize>
                                    <description
                                        jcr:primaryType="nt:unstructured"
                                        sling:resourceType="granite/ui/components/foundation/form/textarea"
                                        emptyText="Description"
                                        fieldDescription="Enter Copyright Text"
                                        fieldLabel="Description Text"
                                        name="./description"/>
                                    <buttonText
                                        jcr:primaryType="nt:unstructured"
                                        sling:resourceType="granite/ui/components/foundation/form/textfield"
                                        fieldLabel="Button Text"
                                        name="./buttontext"/>
                                    <buttonpath
                                        jcr:primaryType="nt:unstructured"
                                        sling:resourceType="granite/ui/components/foundation/form/pathbrowser"
                                        fieldLabel="Path"
                                        name="./hreflink"/>
                                    <background-details
                                        jcr:primaryType="nt:unstructured"
                                        sling:resourceType="granite/ui/components/foundation/heading"
                                        class="coral-Heading coral-Heading--2"
                                        level="{Long}4"
                                        name="Background Details"
                                        text="Background Details"/>
                                    <background-style
                                        jcr:primaryType="nt:unstructured"
                                        sling:resourceType="granite/ui/components/foundation/form/select"
                                        class=" cq-dialog-dropdown-showhide"
                                        cq-dialog-dropdown-showhide-target=".text-image-hide-show"
                                        fieldDescription="Select the background style of the banner"
                                        fieldLabel="Background Style"
                                        name="./bgstyle">
                                        <items jcr:primaryType="nt:unstructured">
                                            <image
                                                jcr:primaryType="nt:unstructured"
                                                text="Background Image"
                                                value="image"/>
                                            <color
                                                jcr:primaryType="nt:unstructured"
                                                text="Background Color"
                                                value="color"/>
                                        </items>
                                    </background-style>
                                    <bg-image
                                        jcr:primaryType="nt:unstructured"
                                        sling:resourceType="granite/ui/components/foundation/container"
                                        class="hide text-image-hide-show"
                                        fieldDescription="Enter Copyright Text"
                                        showhidetargetvalue="image">
                                        <items jcr:primaryType="nt:unstructured">
                                            <heading
                                                jcr:primaryType="nt:unstructured"
                                                level="{Long}4"
                                                text="Background Image"/>
                                            <well
                                                jcr:primaryType="nt:unstructured"
                                                sling:resourceType="granite/ui/components/foundation/container">
                                                <layout
                                                    jcr:primaryType="nt:unstructured"
                                                    sling:resourceType="granite/ui/components/foundation/layouts/well"/>
                                                <items jcr:primaryType="nt:unstructured">
                                                    <background-image
                                                        jcr:primaryType="nt:unstructured"
                                                        sling:resourceType="granite/ui/components/foundation/form/pathbrowser"
                                                        name="./backimage"/>
                                                </items>
                                            </well>
                                        </items>
                                    </bg-image>
                                    <bg-color
                                        jcr:primaryType="nt:unstructured"
                                        sling:resourceType="granite/ui/components/foundation/container"
                                        class="hide text-image-hide-show"
                                        fieldDescription="Enter Copyright Text"
                                        showhidetargetvalue="color">
                                        <items jcr:primaryType="nt:unstructured">
                                            <heading
                                                jcr:primaryType="nt:unstructured"
                                                level="{Long}4"
                                                text="Background Color"/>
                                            <well
                                                jcr:primaryType="nt:unstructured"
                                                sling:resourceType="granite/ui/components/foundation/container">
                                                <layout
                                                    jcr:primaryType="nt:unstructured"
                                                    sling:resourceType="granite/ui/components/foundation/layouts/well"/>
                                                <items jcr:primaryType="nt:unstructured">
                                                    <background-color
                                                        jcr:primaryType="nt:unstructured"
                                                        sling:resourceType="granite/ui/components/foundation/form/select"
                                                        name="./backcolor">
                                                        <items jcr:primaryType="nt:unstructured">
                                                            <white
                                                                jcr:primaryType="nt:unstructured"
                                                                text="White"
                                                                value="#fff"/>
                                                            <Red
                                                                jcr:primaryType="nt:unstructured"
                                                                text="Red"
                                                                value="red"/>
                                                            <black
                                                                jcr:primaryType="nt:unstructured"
                                                                text="Black"
                                                                value="#000"/>
                                                            <brown
                                                                jcr:primaryType="nt:unstructured"
                                                                text="Brown"
                                                                value="brown"/>
                                                            <pink
                                                                jcr:primaryType="nt:unstructured"
                                                                text="Pink"
                                                                value="pink"/>
                                                            <yellow
                                                                jcr:primaryType="nt:unstructured"
                                                                text="Yellow"
                                                                value="yellow"/>
                                                        </items>
                                                    </background-color>
                                                </items>
                                            </well>
                                        </items>
                                    </bg-color>
                                </items>
                            </column>
                        </items>
                    </fieldset>
                </items>
            </column>
        </items>
    </content>
</jcr:root>
